-- SALON
INSERT INTO `salon` (`idsalon`,`edificio`,`salon`) VALUES
(1,'Edificio A','101'),(2,'Edificio A','102'),(3,'Edificio A','103'),(4,'Edificio B','201'),
(5,'Edificio B','202'),(6,'Edificio B','203'),(7,'Edificio C','301'),(8,'Edificio C','302'),
(9,'Edificio C','303'),(10,'Edificio D','401'),(11,'Edificio D','402'),(12,'Edificio D','403'),
(13,'Edificio E','501'),(14,'Edificio E','502'),(15,'Edificio E','503'),(16,'Edificio F','601'),
(17,'Edificio F','602'),(18,'Edificio F','603'),(19,'Edificio G','701'),(20,'Edificio G','702');

-- PROFESOR
INSERT INTO `profesor` (`idprofesor`,`nombre`,`reconocido`,`rfid`) VALUES
(1,'Juan Pérez',1,'RFID001'),(2,'María López',0,'RFID002'),(3,'Carlos García',1,'RFID003'),
(4,'Ana Martínez',0,'RFID004'),(5,'Luis Fernández',1,'RFID005'),(6,'Sofía Gómez',1,'RFID006'),
(7,'Pedro Sánchez',0,'RFID007'),(8,'Laura Ortiz',1,'RFID008'),(9,'José Morales',0,'RFID009'),
(10,'Elena Castillo',1,'RFID010'),(11,'Miguel Herrera',0,'RFID011'),(12,'Lucía Rivera',1,'RFID012'),
(13,'Daniel Ruiz',0,'RFID013'),(14,'Claudia Torres',1,'RFID014'),(15,'Andrés Vargas',0,'RFID015'),
(16,'Patricia Méndez',1,'RFID016'),(17,'Francisco Cruz',0,'RFID017'),(18,'Gabriela Ríos',1,'RFID018'),
(19,'Alberto Jiménez',0,'RFID019'),(20,'Marta Delgado',1,'RFID020');

-- PREFERENCIAS_ATMOSFERICAS (ya existe profesor) — 1:1 garantizado por UNIQUE
INSERT INTO `preferencias_atmosfericas`
(`idpreferatmo`,`temperatura`,`humedad`,`luminosidad`,`idprofesor`) VALUES
(1,22,50,300,1),(2,25,50,300,2),(3,22,50,300,3),(4,22,50,300,4),(5,22,50,300,5),
(6,23.5,55,300,6),(7,22,50,320,7),(8,22,54,280,8),(9,22.3,52,295,9),(10,23.1,58,310,10),
(11,21.7,50,300,11),(12,22.9,51,305,12),(13,21.8,53,290,13),(14,22.2,55,310,14),
(15,23,50,305,15),(16,21.9,58,285,16),(17,23.4,57,295,17),(18,21.3,56,280,18),
(19,22.8,52,300,19),(20,23.7,54,310,20);

-- CONDICION (ya existe salon)
INSERT INTO `condicion`
(`idcondicion`,`temperatura`,`humedad`,`luminosidad`,`time_condicion`,`idsalon`) VALUES
(1,22.5,50,300,'2024-10-01 08:00:00',1),(2,21,55,280,'2024-10-01 09:00:00',2),
(3,23,48,310,'2024-10-02 10:00:00',3),(4,22,52,290,'2024-10-03 11:00:00',4),
(5,20.5,60,270,'2024-10-04 12:00:00',5),(6,23.5,55,300,'2024-10-05 13:00:00',6),
(7,22,50,320,'2024-10-06 14:00:00',7),(8,21.5,54,280,'2024-10-07 15:00:00',8),
(9,22.3,52,295,'2024-10-08 16:00:00',9),(10,23.1,58,310,'2024-10-09 17:00:00',10),
(11,21.7,50,300,'2024-10-10 08:00:00',11),(12,22.9,51,305,'2024-10-11 09:00:00',12),
(13,21.8,53,290,'2024-10-12 10:00:00',13),(14,22.2,55,310,'2024-10-13 11:00:00',14),
(15,23,50,305,'2024-10-14 12:00:00',15),(16,21.9,58,285,'2024-10-15 13:00:00',16),
(17,23.4,57,295,'2024-10-16 14:00:00',17),(18,21.3,56,275,'2024-10-17 15:00:00',18),
(19,22.8,52,300,'2024-10-18 16:00:00',19),(20,23.7,54,310,'2024-10-19 17:00:00',20),
(21,22.5,50,250,'2024-10-01 08:00:00',1),(22,21,55,240,'2024-10-01 09:00:00',1),
(23,23,48,350,'2024-10-01 10:00:00',1),(24,21.5,52,260,'2024-10-02 08:00:00',1),
(25,22,54,230,'2024-10-02 09:00:00',1),(26,22.8,49,340,'2024-10-02 10:00:00',1),
(27,23.5,50,320,'2024-10-03 08:00:00',1),(28,21.2,57,210,'2024-10-03 09:00:00',1),
(29,22.7,46,330,'2024-10-03 10:00:00',1),(30,23.3,51,270,'2024-10-04 08:00:00',1),
(31,20.9,53,220,'2024-10-04 09:00:00',1),(32,22.4,50,310,'2024-10-04 10:00:00',1),
(33,23.6,48,360,'2024-10-05 08:00:00',1);

-- VISITA (ya existen salon y profesor)
INSERT INTO `visita`
(`idvisita`,`visita_entrada`,`visita_salida`,`idsalon`,`idprofesor`) VALUES
(1,'2024-10-01 08:00:00','2024-10-01 09:00:00',1,1),
(2,'2024-10-01 09:00:00','2024-10-01 10:00:00',2,2),
(3,'2024-10-02 10:00:00','2024-10-02 11:00:00',3,3),
(4,'2024-10-03 11:00:00','2024-10-03 12:00:00',4,4),
(5,'2024-10-04 12:00:00','2024-10-04 13:00:00',5,5),
(6,'2024-10-05 13:00:00','2024-10-05 14:00:00',6,6),
(7,'2024-10-06 14:00:00','2024-10-06 15:00:00',7,7),
(8,'2024-10-07 15:00:00','2024-10-07 16:00:00',8,8),
(9,'2024-10-08 16:00:00','2024-10-08 17:00:00',9,9),
(10,'2024-10-09 17:00:00','2024-10-09 18:00:00',10,10),
(11,'2024-10-10 08:00:00','2024-10-10 09:00:00',11,11),
(12,'2024-10-11 09:00:00','2024-10-11 10:00:00',12,12),
(13,'2024-10-12 10:00:00','2024-10-12 11:00:00',13,13),
(14,'2024-10-13 11:00:00','2024-10-13 12:00:00',14,14),
(15,'2024-10-14 12:00:00','2024-10-14 13:00:00',15,15),
(16,'2024-10-15 13:00:00','2024-10-15 14:00:00',16,16),
(17,'2024-10-16 14:00:00','2024-10-16 15:00:00',17,17),
(18,'2024-10-17 15:00:00','2024-10-17 16:00:00',18,18),
(19,'2024-10-18 16:00:00','2024-10-18 17:00:00',19,19),
(20,'2024-10-19 17:00:00','2024-10-19 18:00:00',20,20),
(21,'2024-10-01 09:00:00','2024-10-01 10:00:00',1,2),
(22,'2024-10-01 10:00:00','2024-10-01 11:00:00',1,2),
(23,'2024-10-01 11:00:00','2024-10-01 12:00:00',1,3),
(24,'2024-10-02 09:00:00','2024-10-02 10:00:00',1,1),
(25,'2024-10-02 10:00:00','2024-10-02 11:00:00',1,1),
(26,'2024-10-03 11:00:00','2024-10-03 12:00:00',1,2),
(27,'2025-03-22 08:00:00','2025-03-22 09:00:00',2,2),
(28,'2025-03-22 07:00:00','2025-03-22 08:00:00',1,1),
(29,'2025-03-21 07:00:00','2025-03-21 08:00:00',2,1),
(30,'2025-03-20 07:00:00','2025-03-20 08:00:00',2,1),
(31,'2025-03-20 08:00:00','2025-03-20 09:00:00',2,1),
(32,'2025-03-20 09:00:00','2025-03-20 10:00:00',1,1),
(33,'2025-03-20 10:00:00','2025-03-20 11:00:00',1,1),
(34,'2025-03-20 11:00:00','2025-03-20 12:00:00',1,1),
(35,'2025-03-20 12:00:00','2025-03-20 13:00:00',1,1),
(36,'2025-03-20 13:00:00','2025-03-20 14:00:00',1,1),
(37,'2025-03-20 14:00:00','2025-03-20 15:00:00',1,1),
(38,'2025-03-20 15:00:00','2025-03-20 16:00:00',1,1),
(39,'2025-03-20 15:00:00','2025-03-20 16:00:00',2,1),
(40,'2025-04-04 08:00:00','2025-04-04 09:00:00',1,1),
(41,'2025-04-17 08:00:00','2025-04-17 09:00:00',1,1),
(42,'2025-04-17 09:00:00','2025-04-17 10:00:00',1,1),
(43,'2025-04-16 09:00:00','2025-04-16 10:00:00',1,1),
(44,'2025-04-16 08:00:00','2025-04-16 09:00:00',1,1),
(45,'2025-04-15 08:00:00','2025-04-15 09:00:00',1,1),
(46,'2025-04-15 08:00:00','2025-04-15 09:00:00',20,20),
(47,'2025-04-15 09:00:00','2025-04-15 10:00:00',20,20),
(48,'2025-04-15 10:00:00','2025-04-15 11:00:00',20,20),
(49,'2025-04-15 10:00:00','2025-04-15 11:00:00',1,1),
(50,'2025-04-17 11:00:00','2025-04-17 12:00:00',1,1),
(51,'2025-06-11 09:00:00','2025-06-11 10:00:00',1,1),
(53,'2025-09-26 09:00:00','2025-09-26 10:00:00',1,1),
(54,'2025-09-26 10:00:00','2025-09-26 11:00:00',1,1),
(55,'2025-09-26 11:00:00','2025-09-26 12:00:00',1,1);