USE sensor;

-- Insert sample data into profesor table
INSERT INTO profesor (idprofesor, nombre, reconocido, rfid) VALUES
(1, 'Juan Pérez', 1, 'RFID001'),
(2, 'María López', 0, 'RFID002'),
(3, 'Carlos García', 1, 'RFID003'),
(4, 'Ana Martínez', 0, 'RFID004'),
(5, 'Luis Fernández', 1, 'RFID005'),
(6, 'Sofía Gómez', 1, 'RFID006'),
(7, 'Pedro Sánchez', 0, 'RFID007'),
(8, 'Laura Ortiz', 1, 'RFID008'),
(9, 'José Morales', 0, 'RFID009'),
(10, 'Elena Castillo', 1, 'RFID010'),
(11, 'Miguel Herrera', 0, 'RFID011'),
(12, 'Lucía Rivera', 1, 'RFID012'),
(13, 'Daniel Ruiz', 0, 'RFID013'),
(14, 'Claudia Torres', 1, 'RFID014'),
(15, 'Andrés Vargas', 0, 'RFID015'),
(16, 'Patricia Méndez', 1, 'RFID016'),
(17, 'Francisco Cruz', 0, 'RFID017'),
(18, 'Gabriela Ríos', 1, 'RFID018'),
(19, 'Alberto Jiménez', 0, 'RFID019'),
(20, 'Marta Delgado', 1, 'RFID020');


-- Insert sample data into salon table
INSERT INTO salon (idsalon, edificio, salon) VALUES
(1, 'Edificio A', '101'),
(2, 'Edificio A', '102'),
(3, 'Edificio A', '103'),
(4, 'Edificio B', '201'),
(5, 'Edificio B', '202'),
(6, 'Edificio B', '203'),
(7, 'Edificio C', '301'),
(8, 'Edificio C', '302'),
(9, 'Edificio C', '303'),
(10, 'Edificio D', '401'),
(11, 'Edificio D', '402'),
(12, 'Edificio D', '403'),
(13, 'Edificio E', '501'),
(14, 'Edificio E', '502'),
(15, 'Edificio E', '503'),
(16, 'Edificio F', '601'),
(17, 'Edificio F', '602'),
(18, 'Edificio F', '603'),
(19, 'Edificio G', '701'),
(20, 'Edificio G', '702');

-- Insert sample data into condicion table
INSERT INTO condicion (idcondicion, temperatura, humedad, luminosidad, time_condicion, idsalon) VALUES
(1, 22.5, 50.0, 300.0, '2024-10-01 08:00:00', 1),
(2, 21.0, 55.0, 280.0, '2024-10-01 09:00:00', 2),
(3, 23.0, 48.0, 310.0, '2024-10-02 10:00:00', 3),
(4, 22.0, 52.0, 290.0, '2024-10-03 11:00:00', 4),
(5, 20.5, 60.0, 270.0, '2024-10-04 12:00:00', 5),
(6, 23.5, 55.0, 300.0, '2024-10-05 13:00:00', 6),
(7, 22.0, 50.0, 320.0, '2024-10-06 14:00:00', 7),
(8, 21.5, 54.0, 280.0, '2024-10-07 15:00:00', 8),
(9, 22.3, 52.0, 295.0, '2024-10-08 16:00:00', 9),
(10, 23.1, 58.0, 310.0, '2024-10-09 17:00:00', 10),
(11, 21.7, 50.0, 300.0, '2024-10-10 08:00:00', 11),
(12, 22.9, 51.0, 305.0, '2024-10-11 09:00:00', 12),
(13, 21.8, 53.0, 290.0, '2024-10-12 10:00:00', 13),
(14, 22.2, 55.0, 310.0, '2024-10-13 11:00:00', 14),
(15, 23.0, 50.0, 305.0, '2024-10-14 12:00:00', 15),
(16, 21.9, 58.0, 285.0, '2024-10-15 13:00:00', 16),
(17, 23.4, 57.0, 295.0, '2024-10-16 14:00:00', 17),
(18, 21.3, 56.0, 275.0, '2024-10-17 15:00:00', 18),
(19, 22.8, 52.0, 300.0, '2024-10-18 16:00:00', 19),
(20, 23.7, 54.0, 310.0, '2024-10-19 17:00:00', 20);

-- Insert sample data into visita table
INSERT INTO visita (idvisita, visita_entrada, visita_salida, idsalon, idprofesor) VALUES
(1, '2024-10-01 08:00', '2024-10-01 09:00', 1, 1),
(2, '2024-10-01 09:00', '2024-10-01 10:00', 2, 2),
(3, '2024-10-02 10:00', '2024-10-02 11:00',  3, 3),
(4, '2024-10-03 11:00', '2024-10-03 12:00', 4, 4),
(5, '2024-10-04 12:00', '2024-10-04 13:00', 5, 5),
(6, '2024-10-05 13:00', '2024-10-05 14:00', 6, 6),
(7, '2024-10-06 14:00', '2024-10-06 15:00', 7, 7),
(8, '2024-10-07 15:00', '2024-10-07 16:00', 8, 8),
(9, '2024-10-08 16:00', '2024-10-08 17:00', 9, 9),
(10, '2024-10-09 17:00', '2024-10-09 18:00',  10, 10),
(11, '2024-10-10 08:00', '2024-10-10 09:00', 11, 11),
(12, '2024-10-11 09:00', '2024-10-11 10:00', 12, 12),
(13, '2024-10-12 10:00', '2024-10-12 11:00', 13, 13),
(14, '2024-10-13 11:00', '2024-10-13 12:00', 14, 14),
(15, '2024-10-14 12:00', '2024-10-14 13:00', 15, 15),
(16, '2024-10-15 13:00','2024-10-15 14:00', 16, 16),
(17, '2024-10-16 14:00','2024-10-16 15:00', 17, 17),
(18, '2024-10-17 15:00','2024-10-17 16:00', 18, 18),
(19, '2024-10-18 16:00','2024-10-18 17:00', 19, 19),
(20, '2024-10-19 17:00','2024-10-19 18:00', 20, 20);


-- Insert sample data into preferencias_atmosfericas table
INSERT INTO preferencias_atmosfericas (idpreferatmo, temperatura, humedad, luminosidad, idprofesor) VALUES
(1, 22.5, 50.0, 300.0, 1),
(2, 21.0, 55.0, 280.0, 2),
(3, 23.0, 48.0, 310.0, 3),
(4, 22.0, 52.0, 290.0, 4),
(5, 20.5, 60.0, 270.0, 5),
(6, 23.5, 55.0, 300.0, 6),
(7, 22.0, 50.0, 320.0, 7),
(8, 21.5, 54.0, 280.0, 8),
(9, 22.3, 52.0, 295.0, 9),
(10, 23.1, 58.0, 310.0, 10),
(11, 21.7, 50.0, 300.0, 11),
(12, 22.9, 51.0, 305.0, 12),
(13, 21.8, 53.0, 290.0, 13),
(14, 22.2, 55.0, 310.0, 14),
(15, 23.0, 50.0, 305.0, 15),
(16, 21.9, 58.0, 285.0, 16),
(17, 23.4, 57.0, 295.0, 17),
(18, 21.3, 56.0, 275.0, 18),
(19, 22.8, 52.0, 300.0, 19),
(20, 23.7, 54.0, 310.0, 20);


INSERT INTO visita (visita_entrada, visita_salida, idsalon, idprofesor) VALUES
('2024-10-01 09:00', '2024-10-01 10:00', 1, 2),
('2024-10-01 10:00', '2024-10-01 11:00', 1, 2),
('2024-10-01 11:00', '2024-10-01 12:00', 1, 3);


INSERT INTO visita (visita_entrada, visita_salida, idsalon, idprofesor) VALUES
('2024-10-02 09:00', '2024-10-01 10:00', 1, 1),
('2024-10-02 10:00', '2024-10-01 11:00', 1, 1),
('2024-10-03 11:00', '2024-10-01 12:00', 1, 2);


